IP,Hostname,Port,Port Protocol,CVSS,Severity,QoD,Solution Type,NVT Name,Summary,Specific Result,NVT OID,CVEs,Task ID,Task Name,Timestamp,Result ID,Impact,Solution,Affected Software/OS,Vulnerability Insight,Vulnerability Detection Method,Product Detection Result,BIDs,CERTs,Other References
      10.0.0.112,,80,tcp,9.8,High,30,"VendorFix","Apache HTTP Server <= 2.4.52 Multiple Vulnerabilities - Linux","Apache HTTP Server is prone to multiple vulnerabilities.","Installed version: 2.4.52
Fixed version:     2.4.53
Installation
path / port:       80/tcp

",1.3.6.1.4.1.25623.1.0.113837,"CVE-2022-22719,CVE-2022-22720,CVE-2022-22721,CVE-2022-23943",479edca0-2f0c-46a9-a1c7-8d9b01c15c9c,"Immediate scan of IP 10.0.0.112",2025-03-21T20:46:47Z,560aa9a5-d61a-4a57-87e9-2da1cdef2583,"","Update to version 2.4.53 or later.","Apache HTTP Server version 2.4.52 and prior.","The following vulnerabilities exist:

  - CVE-2022-22719: mod_lua Use of uninitialized value of in r:parsebody

  - CVE-2022-22720: HTTP request smuggling vulnerability

  - CVE-2022-22721: Possible buffer overflow with very large or unlimited LimitXMLRequestBody

  - CVE-2022-23943: mod_sed: Read/write beyond bounds","Checks if a vulnerable version is present on the target host.
Details:
Apache HTTP Server <= 2.4.52 Multiple Vulnerabilities - Linux
(OID: 1.3.6.1.4.1.25623.1.0.113837)
Version used: 2022-03-21T03:03:41Z
","Product: cpe:/a:apache:http_server:2.4.52
Method: Apache HTTP Server Detection Consolidation
(OID: 1.3.6.1.4.1.25623.1.0.117232)
","","DFN-CERT-2022-2799,DFN-CERT-2022-2509,DFN-CERT-2022-2305,DFN-CERT-2022-2167,DFN-CERT-2022-1116,DFN-CERT-2022-1115,DFN-CERT-2022-1114,DFN-CERT-2022-0899,DFN-CERT-2022-0898,DFN-CERT-2022-0865,DFN-CERT-2022-0747,DFN-CERT-2022-0678,DFN-CERT-2022-0582,WID-SEC-2024-1591,WID-SEC-2022-1772,WID-SEC-2022-1335,WID-SEC-2022-1228,WID-SEC-2022-1161,WID-SEC-2022-1057,WID-SEC-2022-0898,WID-SEC-2022-0799,WID-SEC-2022-0755,WID-SEC-2022-0646,WID-SEC-2022-0432,WID-SEC-2022-0302,WID-SEC-2022-0290,CB-K22/0619,CB-K22/0306",""
10.0.0.112,,80,tcp,9.8,High,30,"VendorFix","Apache HTTP Server < 2.4.54 Multiple Vulnerabilities - Linux","Apache HTTP Server is prone to multiple vulnerabilities.","Installed version: 2.4.52
Fixed version:     2.4.54
Installation
path / port:       80/tcp

",1.3.6.1.4.1.25623.1.0.148252,"CVE-2022-26377,CVE-2022-28614,CVE-2022-28615,CVE-2022-29404,CVE-2022-30556,CVE-2022-31813",479edca0-2f0c-46a9-a1c7-8d9b01c15c9c,"Immediate scan of IP 10.0.0.112",2025-03-21T20:46:47Z,ecbf343b-c92d-4d47-a36b-4a287f579825,"","Update to version 2.4.54 or later.","Apache HTTP Server version 2.4.53 and prior.","The following vulnerabilities exist:

  - CVE-2022-26377: mod_proxy_ajp: Possible request smuggling

  - CVE-2022-28614: Read beyond bounds via ap_rwrite()

  - CVE-2022-28615: Read beyond bounds in ap_strcmp_match()

  - CVE-2022-29404: Denial of service in mod_lua r:parsebody

  - CVE-2022-30556: Information disclosure in mod_lua with websockets

  - CVE-2022-31813: mod_proxy X-Forwarded-For dropped by hop-by-hop mechanism","Checks if a vulnerable version is present on the target host.
Details:
Apache HTTP Server < 2.4.54 Multiple Vulnerabilities - Linux
(OID: 1.3.6.1.4.1.25623.1.0.148252)
Version used: 2022-06-20T03:04:15Z
","Product: cpe:/a:apache:http_server:2.4.52
Method: Apache HTTP Server Detection Consolidation
(OID: 1.3.6.1.4.1.25623.1.0.117232)
","","DFN-CERT-2023-0119,DFN-CERT-2022-2799,DFN-CERT-2022-2789,DFN-CERT-2022-2652,DFN-CERT-2022-2509,DFN-CERT-2022-2310,DFN-CERT-2022-2167,DFN-CERT-2022-1837,DFN-CERT-2022-1833,DFN-CERT-2022-1720,DFN-CERT-2022-1353,DFN-CERT-2022-1296,WID-SEC-2024-1591,WID-SEC-2023-1969,WID-SEC-2023-0134,WID-SEC-2023-0132,WID-SEC-2022-1767,WID-SEC-2022-1766,WID-SEC-2022-1764,WID-SEC-2022-0858,WID-SEC-2022-0192,CB-K22/0692",""
10.0.0.112,,80,tcp,9.8,High,30,"VendorFix","Apache HTTP Server 2.4.0 - 2.4.55 HTTP Request Smuggling Vulnerability - Linux","Apache HTTP Server is prone to a HTTP request smuggling
  vulnerability.","Installed version: 2.4.52
Fixed version:     2.4.56
Installation
path / port:       80/tcp

",1.3.6.1.4.1.25623.1.0.104597,"CVE-2023-25690",479edca0-2f0c-46a9-a1c7-8d9b01c15c9c,"Immediate scan of IP 10.0.0.112",2025-03-21T20:46:47Z,771073b1-b776-4b6b-9962-312cc00c57e1,"Request splitting/smuggling could result in bypass of access
  controls in the proxy server, proxying unintended URLs to existing origin servers, and cache
  poisoning.","Update to version 2.4.56 or later.","Apache HTTP Server versions 2.4.0 through 2.4.55.","Some mod_proxy configurations allow a HTTP Request Smuggling
  attack.

  Configurations are affected when mod_proxy is enabled along with some form of RewriteRule or
  ProxyPassMatch in which a non-specific pattern matches some portion of the user-supplied
  request-target (URL) data and is then re-inserted into the proxied request-target using variable
  substitution.","Checks if a vulnerable version is present on the target host.
Details:
Apache HTTP Server 2.4.0 - 2.4.55 HTTP Request Smuggling Vulnerability - Lin...
(OID: 1.3.6.1.4.1.25623.1.0.104597)
Version used: 2024-02-15T05:05:40Z
","Product: cpe:/a:apache:http_server:2.4.52
Method: Apache HTTP Server Detection Consolidation
(OID: 1.3.6.1.4.1.25623.1.0.117232)
","","DFN-CERT-2023-1648,DFN-CERT-2023-1297,DFN-CERT-2023-1232,DFN-CERT-2023-0884,DFN-CERT-2023-0788,DFN-CERT-2023-0658,DFN-CERT-2023-0546,WID-SEC-2024-1591,WID-SEC-2024-0794,WID-SEC-2023-3129,WID-SEC-2023-2694,WID-SEC-2023-2031,WID-SEC-2023-1809,WID-SEC-2023-1807,WID-SEC-2023-1424,WID-SEC-2023-1021,WID-SEC-2023-0657,WID-SEC-2023-0583",""
10.0.0.112,,80,tcp,9.8,High,30,"VendorFix","Apache HTTP Server < 2.4.60 Multiple Vulnerabilities - Linux","Apache HTTP Server is prone to multiple vulnerabilities.","Installed version: 2.4.52
Fixed version:     2.4.60
Installation
path / port:       80/tcp

",1.3.6.1.4.1.25623.1.0.114682,"CVE-2024-36387,CVE-2024-38473,CVE-2024-38474,CVE-2024-38475,CVE-2024-38476,CVE-2024-38477,CVE-2024-39573",479edca0-2f0c-46a9-a1c7-8d9b01c15c9c,"Immediate scan of IP 10.0.0.112",2025-03-21T20:46:47Z,bb079063-1a91-4427-806d-817ff38bf2ce,"","Update to version 2.4.60 or later.","Apache HTTP Server version 2.4.59 and prior.","The following flaws exist:

  - CVE-2024-36387: Denial of Service (DoS) by Null pointer in websocket over HTTP/2

  - CVE-2024-38473: Proxy encoding problem

  - CVE-2024-38474: Weakness with encoded question marks in backreferences

  - CVE-2024-38475: Weakness in mod_rewrite when first segment of substitution matches filesystem
  path

  - CVE-2024-38476: May use exploitable/malicious backend application output to run local handlers
  via internal redirect

  - CVE-2024-38477: Crash resulting in DoS in mod_proxy via a malicious request

  - CVE-2024-39573: mod_rewrite proxy handler substitution","Checks if a vulnerable version is present on the target host.
Details:
Apache HTTP Server < 2.4.60 Multiple Vulnerabilities - Linux
(OID: 1.3.6.1.4.1.25623.1.0.114682)
Version used: 2024-08-22T05:05:50Z
","Product: cpe:/a:apache:http_server:2.4.52
Method: Apache HTTP Server Detection Consolidation
(OID: 1.3.6.1.4.1.25623.1.0.117232)
","","DFN-CERT-2025-0170,DFN-CERT-2024-2841,DFN-CERT-2024-2787,DFN-CERT-2024-2736,DFN-CERT-2024-2342,DFN-CERT-2024-2214,DFN-CERT-2024-2201,DFN-CERT-2024-2180,DFN-CERT-2024-2110,DFN-CERT-2024-2017,DFN-CERT-2024-1963,DFN-CERT-2024-1920,DFN-CERT-2024-1919,DFN-CERT-2024-1911,DFN-CERT-2024-1907,DFN-CERT-2024-1893,DFN-CERT-2024-1816,DFN-CERT-2024-1811,DFN-CERT-2024-1784,DFN-CERT-2024-1741,DFN-CERT-2024-1699,WID-SEC-2025-0148,WID-SEC-2025-0143,WID-SEC-2024-3291,WID-SEC-2024-3199,WID-SEC-2024-1913,WID-SEC-2024-1504",""
10.0.0.112,,80,tcp,9.0,High,30,"VendorFix","Apache HTTP Server < 2.4.55 Multiple Vulnerabilities - Linux","Apache HTTP Server is prone to multiple vulnerabilities.","Installed version: 2.4.52
Fixed version:     2.4.55
Installation
path / port:       80/tcp

",1.3.6.1.4.1.25623.1.0.149152,"CVE-2006-20001,CVE-2022-36760,CVE-2022-37436",479edca0-2f0c-46a9-a1c7-8d9b01c15c9c,"Immediate scan of IP 10.0.0.112",2025-03-21T20:46:47Z,df5c56fd-3e51-474a-889a-bc06e3be9f1f,"","Update to version 2.4.55 or later.","Apache HTTP Server version 2.4.54 and prior.","The following vulnerabilities exist:

  - CVE-2006-20001: mod_dav out of bounds read, or write of zero byte

  - CVE-2022-36760: Possible request smuggling in mod_proxy_ajp

  - CVE-2022-37436: mod_proxy allows a backend to trigger HTTP response splitting","Checks if a vulnerable version is present on the target host.
Details:
Apache HTTP Server < 2.4.55 Multiple Vulnerabilities - Linux
(OID: 1.3.6.1.4.1.25623.1.0.149152)
Version used: 2024-02-15T05:05:40Z
","Product: cpe:/a:apache:http_server:2.4.52
Method: Apache HTTP Server Detection Consolidation
(OID: 1.3.6.1.4.1.25623.1.0.117232)
","","DFN-CERT-2023-2545,DFN-CERT-2023-1895,DFN-CERT-2023-1297,DFN-CERT-2023-0658,DFN-CERT-2023-0548,DFN-CERT-2023-0497,DFN-CERT-2023-0118,WID-SEC-2024-3195,WID-SEC-2024-1591,WID-SEC-2024-0794,WID-SEC-2023-2674,WID-SEC-2023-1424,WID-SEC-2023-1022,WID-SEC-2023-0561,WID-SEC-2023-0110",""
10.0.0.112,,80,tcp,7.5,High,30,"VendorFix","Apache HTTP Server 2.4.30 - 2.4.55 HTTP Request Smuggling Vulnerability - Linux","Apache HTTP Server is prone to a HTTP request smuggling
  vulnerability.","Installed version: 2.4.52
Fixed version:     2.4.56
Installation
path / port:       80/tcp

",1.3.6.1.4.1.25623.1.0.104599,"CVE-2023-27522",479edca0-2f0c-46a9-a1c7-8d9b01c15c9c,"Immediate scan of IP 10.0.0.112",2025-03-21T20:46:47Z,2111ee97-2ea0-4a3d-93ac-0b4562bd01fc,"","Update to version 2.4.56 or later.","Apache HTTP Server versions 2.4.30 through 2.4.55.","HTTP Response Smuggling vulnerability via mod_proxy_uwsgi.

  Special characters in the origin response header can truncate/split the response forwarded to the
  client.","Checks if a vulnerable version is present on the target host.
Details:
Apache HTTP Server 2.4.30 - 2.4.55 HTTP Request Smuggling Vulnerability - Li...
(OID: 1.3.6.1.4.1.25623.1.0.104599)
Version used: 2024-02-15T05:05:40Z
","Product: cpe:/a:apache:http_server:2.4.52
Method: Apache HTTP Server Detection Consolidation
(OID: 1.3.6.1.4.1.25623.1.0.117232)
","","DFN-CERT-2024-1808,DFN-CERT-2023-1895,DFN-CERT-2023-0658,DFN-CERT-2023-0546,WID-SEC-2024-1591,WID-SEC-2023-2031,WID-SEC-2023-1424,WID-SEC-2023-0583",""
10.0.0.112,,80,tcp,7.5,High,30,"VendorFix","Apache HTTP Server < 2.4.58 mod_macro Out-of-bounds Read Vulnerability - Linux","Apache HTTP Server is prone to an out-of-bounds read
  vulnerability in mod_macro.","Installed version: 2.4.52
Fixed version:     2.4.58
Installation
path / port:       80/tcp

",1.3.6.1.4.1.25623.1.0.100272,"CVE-2023-31122",479edca0-2f0c-46a9-a1c7-8d9b01c15c9c,"Immediate scan of IP 10.0.0.112",2025-03-21T20:46:47Z,892da087-426c-441b-8c08-07d181bfe952,"","Update to version 2.4.58 or later.","Apache HTTP Server version 2.4.57 and prior.","","Checks if a vulnerable version is present on the target host.
Details:
Apache HTTP Server < 2.4.58 'mod_macro' Out-of-bounds Read Vulnerability - L...
(OID: 1.3.6.1.4.1.25623.1.0.100272)
Version used: 2024-02-15T05:05:40Z
","Product: cpe:/a:apache:http_server:2.4.52
Method: Apache HTTP Server Detection Consolidation
(OID: 1.3.6.1.4.1.25623.1.0.117232)
","","DFN-CERT-2024-1411,DFN-CERT-2024-1010,DFN-CERT-2024-1000,DFN-CERT-2024-0732,DFN-CERT-2023-2640,DFN-CERT-2023-2583,WID-SEC-2024-1226,WID-SEC-2024-0899,WID-SEC-2024-0869,WID-SEC-2024-0769,WID-SEC-2024-0107,WID-SEC-2023-2917,WID-SEC-2023-2712",""
10.0.0.112,,80,tcp,7.5,High,30,"VendorFix","Apache HTTP Server < 2.4.59 Multiple Vulnerabilities - Linux","Apache HTTP Server is prone to multiple vulnerabilities.","Installed version: 2.4.52
Fixed version:     2.4.59
Installation
path / port:       80/tcp

",1.3.6.1.4.1.25623.1.0.152039,"CVE-2023-38709,CVE-2024-24795,CVE-2024-27316",479edca0-2f0c-46a9-a1c7-8d9b01c15c9c,"Immediate scan of IP 10.0.0.112",2025-03-21T20:46:47Z,e11f10f8-8e4c-4c0d-b53e-9db5aad48d45,"","Update to version 2.4.59 or later.","Apache HTTP Server version 2.4.58 and prior.","The following vulnerabilities exist:

  - CVE-2023-38709: HTTP response splitting

  - CVE-2024-24795: HTTP response splitting in multiple modules

  - CVE-2024-27316: HTTP/2 DoS by memory exhaustion on endless continuation frames","Checks if a vulnerable version is present on the target host.
Details:
Apache HTTP Server < 2.4.59 Multiple Vulnerabilities - Linux
(OID: 1.3.6.1.4.1.25623.1.0.152039)
Version used: 2024-06-07T05:05:42Z
","Product: cpe:/a:apache:http_server:2.4.52
Method: Apache HTTP Server Detection Consolidation
(OID: 1.3.6.1.4.1.25623.1.0.117232)
","","DFN-CERT-2024-2900,DFN-CERT-2024-2534,DFN-CERT-2024-2076,DFN-CERT-2024-1958,DFN-CERT-2024-1853,DFN-CERT-2024-1749,DFN-CERT-2024-1697,DFN-CERT-2024-1411,DFN-CERT-2024-1335,DFN-CERT-2024-1238,DFN-CERT-2024-1031,DFN-CERT-2024-1010,DFN-CERT-2024-0964,DFN-CERT-2024-0901,DFN-CERT-2024-0890,WID-SEC-2024-1725,WID-SEC-2024-1643,WID-SEC-2024-1642,WID-SEC-2024-1504,WID-SEC-2024-1248,WID-SEC-2024-1226,WID-SEC-2024-0801,WID-SEC-2024-0789",""
10.0.0.112,,53,tcp,7.5,High,30,"VendorFix","ISC BIND DoS Vulnerability (CVE-2024-11187) - Linux","ISC BIND is prone to a denial of service (DoS)
  vulnerability.","Installed version: 9.18.30
Fixed version:     9.18.33
Installation
path / port:       53/tcp

",1.3.6.1.4.1.25623.1.0.153891,"CVE-2024-11187",479edca0-2f0c-46a9-a1c7-8d9b01c15c9c,"Immediate scan of IP 10.0.0.112",2025-03-21T20:46:47Z,458c93f8-232a-450e-9215-32625024a568,"A named instance vulnerable to this issue can be compelled to
  consume excessive CPU resources up to the point where exhaustion of resources effectively
  prevents the server from responding to other client queries. This issue is most likely to affect
  resolvers but could also degrade authoritative server performance.

  - Authoritative servers are affected by this vulnerability.

  - Resolvers are affected by this vulnerability.","Update to version 9.18.33, 9.20.5, 9.21.4, 9.18.33-S1 or
  later.","ISC BIND version 9.11.37 and prior, 9.16.0 through 9.16.50,
  9.18.0 through 9.18.32, 9.20.0 through 9.20.4, 9.21.0 through 9.21.3, 9.11.3-S1 through
  9.11.37-S1, 9.16.8-S1 through 9.16.50-S1 and 9.18.11-S1 through 9.18.32-S1.","It is possible to construct a zone such that some queries to it
  will generate responses containing numerous records in the Additional section. An attacker
  sending many such queries can cause either the authoritative server itself or an independent
  resolver to use disproportionate resources processing the queries. Zones will usually need to
  have been deliberately crafted to attack this exposure.","Checks if a vulnerable version is present on the target host.
Details:
ISC BIND DoS Vulnerability (CVE-2024-11187) - Linux
(OID: 1.3.6.1.4.1.25623.1.0.153891)
Version used: 2025-01-31T05:37:27Z
","Product: cpe:/a:isc:bind:9.18.30
Method: ISC BIND Detection Consolidation
(OID: 1.3.6.1.4.1.25623.1.0.145294)
","","DFN-CERT-2025-0300,DFN-CERT-2025-0269,WID-SEC-2025-0217",""
10.0.0.112,,53,tcp,7.5,High,30,"VendorFix","ISC BIND DoS Vulnerability (CVE-2024-12705) - Linux","ISC BIND is prone to a denial of service (DoS)
  vulnerability in the DNS-over-HTTPS implementation.","Installed version: 9.18.30
Fixed version:     9.18.33
Installation
path / port:       53/tcp

",1.3.6.1.4.1.25623.1.0.153893,"CVE-2024-12705",479edca0-2f0c-46a9-a1c7-8d9b01c15c9c,"Immediate scan of IP 10.0.0.112",2025-03-21T20:46:47Z,99395daf-8d9c-4e68-8e3d-f0819b665aa2,"By flooding a target resolver with HTTP/2 traffic and exploiting
  this flaw, an attacker could overwhelm the server, causing high CPU and/or memory usage and
  preventing other clients from establishing DoH connections. This would significantly impair the
  resolver's performance and effectively deny legitimate clients access to the DNS resolution
  service.

  - Authoritative servers are affected by this vulnerability.

  - Resolvers are affected by this vulnerability.","Update to version 9.18.33, 9.20.5, 9.21.4, 9.18.33-S1 or
  later.","ISC BIND version 9.18.0 through 9.18.32, 9.20.0 through
  9.20.4, 9.21.0 through 9.21.3 and 9.18.11-S1 through 9.18.32-S1.","Clients using DNS-over-HTTPS (DoH) can exhaust a DNS resolver's
  CPU and/or memory by flooding it with crafted valid or invalid HTTP/2 traffic.","Checks if a vulnerable version is present on the target host.
Details:
ISC BIND DoS Vulnerability (CVE-2024-12705) - Linux
(OID: 1.3.6.1.4.1.25623.1.0.153893)
Version used: 2025-01-31T05:37:27Z
","Product: cpe:/a:isc:bind:9.18.30
Method: ISC BIND Detection Consolidation
(OID: 1.3.6.1.4.1.25623.1.0.145294)
","","DFN-CERT-2025-0269,WID-SEC-2025-0217",""
10.0.0.112,,80,tcp,5.9,Medium,30,"VendorFix","Apache HTTP Server 2.4.17 - 2.4.57 DoS Vulnerability - Linux","Apache HTTP Server is prone to a denial of service (DoS)
  vulnerability.","Installed version: 2.4.52
Fixed version:     2.4.58
Installation
path / port:       80/tcp

",1.3.6.1.4.1.25623.1.0.100310,"CVE-2023-45802",479edca0-2f0c-46a9-a1c7-8d9b01c15c9c,"Immediate scan of IP 10.0.0.112",2025-03-21T20:46:47Z,ead95c66-5276-4468-9d93-20200d443689,"","Update to version 2.4.58 or later.","Apache HTTP Server version 2.4.17 through 2.4.57.","When a HTTP/2 stream was reset (RST frame) by a client, there
  was a time window were the request's memory resources were not reclaimed immediately. Instead,
  de-allocation was deferred to connection close. A client could send new requests and resets,
  keeping the connection busy and open and causing the memory footprint to keep on growing. On
  connection close, all resources were reclaimed, but the process might run out of memory before
  that.

  This was found by the reporter during testing of CVE-2023-44487 (HTTP/2 Rapid Reset Exploit) with
  their own test client. During 'normal' HTTP/2 use, the probability to hit this bug is very low.
  The kept memory would not become noticeable before the connection closes or times out.","Checks if a vulnerable version is present on the target host.
Details:
Apache HTTP Server 2.4.17 - 2.4.57 DoS Vulnerability - Linux
(OID: 1.3.6.1.4.1.25623.1.0.100310)
Version used: 2024-08-02T05:05:39Z
","Product: cpe:/a:apache:http_server:2.4.52
Method: Apache HTTP Server Detection Consolidation
(OID: 1.3.6.1.4.1.25623.1.0.117232)
","","DFN-CERT-2024-2968,DFN-CERT-2024-1411,DFN-CERT-2024-1335,DFN-CERT-2024-1152,DFN-CERT-2024-1010,DFN-CERT-2023-3071,DFN-CERT-2023-2596,DFN-CERT-2023-2583,WID-SEC-2024-0769,WID-SEC-2023-2917,WID-SEC-2023-2712",""
10.0.0.112,,80,tcp,5.0,Medium,30,"Mitigation","Enabled Directory Listing/Indexing Detection (HTTP)","The script attempts to identify directories with an enabled
  directory listing/indexing on a remote web server.","The following directories with an enabled directory listing/indexing were identified:

http://10.0.0.112/mutillidae

Please review the content manually.
",1.3.6.1.4.1.25623.1.0.111074,"CVE-2023-37599,CVE-2024-1076",479edca0-2f0c-46a9-a1c7-8d9b01c15c9c,"Immediate scan of IP 10.0.0.112",2025-03-21T20:46:47Z,1554ce7f-d9aa-4cbe-a7b6-6119d9cd7b26,"Based on the information shown an attacker might be able to
  gather additional info about the structure of this application.","If not needed disable the directory listing/indexing within the
  web servers config.","Web servers with an enabled directory listing/indexing.","","Checks previously detected directories on a remote web server
  if a directory listing/indexing is enabled.

  Note: This check has a low QoD (Quality of Detection) value as it is not possible to automatically
  determine if the directory listing/indexing has been enabled on purpose (which is also a valid use
  case for some software products).
Details:
Enabled Directory Listing/Indexing Detection (HTTP)
(OID: 1.3.6.1.4.1.25623.1.0.111074)
Version used: 2024-12-17T05:05:41Z
","","","",""
10.0.0.112,,21,tcp,4.8,Medium,70,"Mitigation","FTP Unencrypted Cleartext Login","The remote host is running a FTP service that allows cleartext logins over
  unencrypted connections.","The remote FTP service accepts logins without a previous sent 'AUTH TLS' command. Response(s):

Non-anonymous sessions: 331 Please specify the password.
Anonymous sessions:     331 Please specify the password.
",1.3.6.1.4.1.25623.1.0.108528,"",479edca0-2f0c-46a9-a1c7-8d9b01c15c9c,"Immediate scan of IP 10.0.0.112",2025-03-21T20:46:47Z,0b4ba0d1-9f31-4f18-868d-d036d1fbee2e,"An attacker can uncover login names and passwords by sniffing traffic to the
  FTP service.","Enable FTPS or enforce the connection via the 'AUTH TLS' command. Please see
  the manual of the FTP service for more information.","","","Tries to login to a non FTPS enabled FTP service without sending a
  'AUTH TLS' command first and checks if the service is accepting the login without enforcing the use of
  the 'AUTH TLS' command.
Details:
FTP Unencrypted Cleartext Login
(OID: 1.3.6.1.4.1.25623.1.0.108528)
Version used: 2023-12-20T05:05:58Z
","","","",""
10.0.0.112,,,,2.6,Low,80,"Mitigation","TCP Timestamps Information Disclosure","The remote host implements TCP timestamps and therefore allows
  to compute the uptime.","It was detected that the host implements RFC1323/RFC7323.

The following timestamps were retrieved with a delay of 1 seconds in-between:
Packet 1: 2560935009
Packet 2: 2560936100
",1.3.6.1.4.1.25623.1.0.80091,"",479edca0-2f0c-46a9-a1c7-8d9b01c15c9c,"Immediate scan of IP 10.0.0.112",2025-03-21T20:46:47Z,837ef4f4-15d1-46c6-860e-def757cb2843,"A side effect of this feature is that the uptime of the remote
  host can sometimes be computed.","To disable TCP timestamps on linux add the line
  'net.ipv4.tcp_timestamps = 0' to /etc/sysctl.conf. Execute 'sysctl -p' to apply the settings at
  runtime.

  To disable TCP timestamps on Windows execute 'netsh int tcp set global timestamps=disabled'

  Starting with Windows Server 2008 and Vista, the timestamp can not be completely disabled.

  The default behavior of the TCP/IP stack on this Systems is to not use the Timestamp options when
  initiating TCP connections, but use them if the TCP peer that is initiating communication includes
  them in their synchronize (SYN) segment.

  See the references for more information.","TCP implementations that implement RFC1323/RFC7323.","The remote host implements TCP timestamps, as defined by
  RFC1323/RFC7323.","Special IP packets are forged and sent with a little delay in
  between to the target IP. The responses are searched for a timestamps. If found, the timestamps
  are reported.
Details:
TCP Timestamps Information Disclosure
(OID: 1.3.6.1.4.1.25623.1.0.80091)
Version used: 2023-12-15T16:10:08Z
","","","",""
10.0.0.112,,,,2.1,Low,80,"Mitigation","ICMP Timestamp Reply Information Disclosure","The remote host responded to an ICMP timestamp request.","The following response / ICMP packet has been received:
- ICMP Type: 14
- ICMP Code: 0
",1.3.6.1.4.1.25623.1.0.103190,"CVE-1999-0524",479edca0-2f0c-46a9-a1c7-8d9b01c15c9c,"Immediate scan of IP 10.0.0.112",2025-03-21T20:46:47Z,de9960fb-c7fc-4c40-8773-42ab175a024f,"This information could theoretically be used to exploit weak
  time-based random number generators in other services.","Various mitigations are possible:

  - Disable the support for ICMP timestamp on the remote host completely

  - Protect the remote host by a firewall, and block ICMP packets passing through the firewall in
  either direction (either completely or only for untrusted networks)","","The Timestamp Reply is an ICMP message which replies to a
  Timestamp message. It consists of the originating timestamp sent by the sender of the Timestamp as
  well as a receive timestamp and a transmit timestamp.","Sends an ICMP Timestamp (Type 13) request and checks if a
  Timestamp Reply (Type 14) is received.
Details:
ICMP Timestamp Reply Information Disclosure
(OID: 1.3.6.1.4.1.25623.1.0.103190)
Version used: 2025-01-21T05:37:33Z
","","","DFN-CERT-2014-0658,CB-K15/1514,CB-K14/0632",""
10.0.0.112,,80,tcp,0.0,Log,80,"","HTTP Server Banner Enumeration","This script tries to detect / enumerate different HTTP server
  banner (e.g. from a frontend, backend or proxy server) by sending various different HTTP requests
  (valid and invalid ones).","It was possible to enumerate the following HTTP server banner(s):

Server banner                  | Enumeration technique
-------------------------------------------------------------------------------------------------
Server: Apache/2.4.52 (Ubuntu) | Invalid HTTP 00.5 GET request (non-existent HTTP version) to '/'
",1.3.6.1.4.1.25623.1.0.108708,"",479edca0-2f0c-46a9-a1c7-8d9b01c15c9c,"Immediate scan of IP 10.0.0.112",2025-03-21T20:46:47Z,fa5ce27d-685f-4f1e-89fb-a4bcc11993e6,"","","","","
Details:
HTTP Server Banner Enumeration
(OID: 1.3.6.1.4.1.25623.1.0.108708)
Version used: 2025-01-31T15:39:24Z
","","","",""
10.0.0.112,,80,tcp,0.0,Log,80,"","HTTP Security Headers Detection","All known security headers are being checked on the remote web
  server.

  On completion a report will hand back whether a specific security header has been implemented
  (including its value and if it is deprecated) or is missing on the target.","Missing Headers                   | More Information
--------------------------------------------------------------------------------------------------------------------------------------------------------------------------------------------------------------
Content-Security-Policy           | https://owasp.org/www-project-secure-headers/#content-security-policy
Cross-Origin-Embedder-Policy      | https://scotthelme.co.uk/coop-and-coep/, Note: This is an upcoming header
Cross-Origin-Opener-Policy        | https://scotthelme.co.uk/coop-and-coep/, Note: This is an upcoming header
Cross-Origin-Resource-Policy      | https://scotthelme.co.uk/coop-and-coep/, Note: This is an upcoming header
Document-Policy                   | https://w3c.github.io/webappsec-feature-policy/document-policy#document-policy-http-header
Feature-Policy                    | https://owasp.org/www-project-secure-headers/#feature-policy, Note: The Feature Policy header has been renamed to Permissions Policy
Permissions-Policy                | https://w3c.github.io/webappsec-feature-policy/#permissions-policy-http-header-field
Referrer-Policy                   | https://owasp.org/www-project-secure-headers/#referrer-policy
Sec-Fetch-Dest                    | https://developer.mozilla.org/en-US/docs/Web/HTTP/Headers#fetch_metadata_request_headers, Note: This is a new header supported only in newer browsers like e.g. Firefox 90
Sec-Fetch-Mode                    | https://developer.mozilla.org/en-US/docs/Web/HTTP/Headers#fetch_metadata_request_headers, Note: This is a new header supported only in newer browsers like e.g. Firefox 90
Sec-Fetch-Site                    | https://developer.mozilla.org/en-US/docs/Web/HTTP/Headers#fetch_metadata_request_headers, Note: This is a new header supported only in newer browsers like e.g. Firefox 90
Sec-Fetch-User                    | https://developer.mozilla.org/en-US/docs/Web/HTTP/Headers#fetch_metadata_request_headers, Note: This is a new header supported only in newer browsers like e.g. Firefox 90
X-Content-Type-Options            | https://owasp.org/www-project-secure-headers/#x-content-type-options
X-Frame-Options                   | https://owasp.org/www-project-secure-headers/#x-frame-options
X-Permitted-Cross-Domain-Policies | https://owasp.org/www-project-secure-headers/#x-permitted-cross-domain-policies
X-XSS-Protection                  | https://owasp.org/www-project-secure-headers/#x-xss-protection, Note: Most major browsers have dropped / deprecated support for this header in 2020.
",1.3.6.1.4.1.25623.1.0.112081,"",479edca0-2f0c-46a9-a1c7-8d9b01c15c9c,"Immediate scan of IP 10.0.0.112",2025-03-21T20:46:47Z,db2dbc42-8cf5-4b43-9420-a271b41301ee,"","","","","
Details:
HTTP Security Headers Detection
(OID: 1.3.6.1.4.1.25623.1.0.112081)
Version used: 2021-07-14T06:19:43Z
","","","",""
10.0.0.112,,80,tcp,0.0,Log,80,"","Web Application Scanning Consolidation / Info Reporting","The script consolidates and reports various information for web
  application (formerly called 'CGI') scanning.

  This information is based on the following scripts / settings:

  - HTTP-Version Detection (OID: 1.3.6.1.4.1.25623.1.0.100034)

  - No 404 check (OID: 1.3.6.1.4.1.25623.1.0.10386)

  - Web mirroring / webmirror.nasl (OID: 1.3.6.1.4.1.25623.1.0.10662)

  - Directory Scanner / DDI_Directory_Scanner.nasl (OID: 1.3.6.1.4.1.25623.1.0.11032)

  - The configured 'cgi_path' within the 'Scanner Preferences' of the scan config in use

  - The configured 'Enable CGI scanning', 'Enable generic web application scanning' and
  'Add historic /scripts and /cgi-bin to directories for CGI scanning' within the
  'Global variable settings' of the scan config in use

  If you think any of this information is wrong please report it to the referenced community
  forum.","The Hostname/IP ""10.0.0.112"" was used to access the remote host.

Generic web application scanning is disabled for this host via the ""Enable generic web application scanning"" option within the ""Global variable settings"" of the scan config in use.

Requests to this service are done via HTTP/1.1.

This service seems to be able to host PHP scripts.

This service seems to be able to host ASP scripts.

The User-Agent ""Mozilla/5.0 [en] (X11, U; Greenbone OS 22.04.27)"" was used to access the remote host.

Historic /scripts and /cgi-bin are not added to the directories used for web application scanning. You can enable this again with the ""Add historic /scripts and /cgi-bin to directories for CGI scanning"" option within the ""Global variable settings"" of the scan config in use.

The following directories were used for web application scanning:

http://10.0.0.112/
http://10.0.0.112/dvwa
http://10.0.0.112/mutillidae
http://10.0.0.112/mutillidae/src

While this is not, in and of itself, a bug, you should manually inspect these directories to ensure that they are in compliance with company security standards

The following directories were excluded from web application scanning because the ""Regex pattern to exclude directories from CGI scanning"" setting of the VT ""Global variable settings"" (OID: 1.3.6.1.4.1.25623.1.0.12288) for this scan was: ""/(index\.php|image|img|css|js$|js/|javascript|style|theme|icon|jquery|graphic|grafik|picture|bilder|thumbnail|media/|skins?/)""

http://10.0.0.112/icons
http://10.0.0.112/javascript

Directory index found at:

http://10.0.0.112/mutillidae/

The following CGIs were discovered:

Syntax : cginame (arguments [default value])

http://10.0.0.112/mutillidae/ (C=S;O [A] C=N;O [D] C=M;O [A] C=D;O [A] )
",1.3.6.1.4.1.25623.1.0.111038,"",479edca0-2f0c-46a9-a1c7-8d9b01c15c9c,"Immediate scan of IP 10.0.0.112",2025-03-21T20:46:47Z,f3b7df91-2e14-4518-86a2-16d8dc6be83c,"","","","","
Details:
Web Application Scanning Consolidation / Info Reporting
(OID: 1.3.6.1.4.1.25623.1.0.111038)
Version used: 2024-09-19T05:05:57Z
","","","",""
10.0.0.112,,445,tcp,0.0,Log,80,"","SMB Login Successful For Authenticated Checks","It was possible to login using the provided SMB
  credentials. Hence authenticated checks are enabled.","Vulnerability was detected according to the Vulnerability Detection Method.",1.3.6.1.4.1.25623.1.0.108539,"",479edca0-2f0c-46a9-a1c7-8d9b01c15c9c,"Immediate scan of IP 10.0.0.112",2025-03-21T20:46:47Z,92f010d4-c111-4d7e-b990-ea084d58cc12,"","","","","
Details:
SMB Login Successful For Authenticated Checks
(OID: 1.3.6.1.4.1.25623.1.0.108539)
Version used: 2023-07-28T16:09:07Z
","","","",""
10.0.0.112,,445,tcp,0.0,Log,80,"","Microsoft Windows SMB Accessible Shares","The script detects the Windows SMB Accessible Shares and sets the
  result into KB.","The following shares were found
IPC$

",1.3.6.1.4.1.25623.1.0.902425,"",479edca0-2f0c-46a9-a1c7-8d9b01c15c9c,"Immediate scan of IP 10.0.0.112",2025-03-21T20:46:47Z,228312c3-98e0-42c3-ad83-a06e3b6ae848,"","","","","
Details:
Microsoft Windows SMB Accessible Shares
(OID: 1.3.6.1.4.1.25623.1.0.902425)
Version used: 2023-01-31T10:08:41Z
","","","",""
10.0.0.112,,,,0.0,Log,80,"","CPE Inventory","This routine uses information collected by other routines about
  CPE identities of operating systems, services and applications detected during the scan.

  Note: Some CPEs for specific products might show up twice or more in the output. Background:

  After a product got renamed or a specific vendor was acquired by another one it might happen that
  a product gets a new CPE within the NVD CPE Dictionary but older entries are kept with the older
  CPE.","10.0.0.112|cpe:/a:apache:http_server:2.4.52
10.0.0.112|cpe:/a:beasts:vsftpd:3.0.5
10.0.0.112|cpe:/a:isc:bind:9.18.30
10.0.0.112|cpe:/o:canonical:ubuntu_linux

",1.3.6.1.4.1.25623.1.0.810002,"",479edca0-2f0c-46a9-a1c7-8d9b01c15c9c,"Immediate scan of IP 10.0.0.112",2025-03-21T20:46:47Z,dc311f12-1bc1-402b-9420-d6d6d1b6dd1b,"","","","","
Details:
CPE Inventory
(OID: 1.3.6.1.4.1.25623.1.0.810002)
Version used: 2022-07-27T10:11:28Z
","","","",""
10.0.0.112,,80,tcp,0.0,Log,80,"","Check open ports","This plugin checks if the port scanners did not kill a service.","This port was detected as being open by a port scanner but is now closed.
This service might have been crashed by a port scanner or by a plugin

",1.3.6.1.4.1.25623.1.0.10919,"",479edca0-2f0c-46a9-a1c7-8d9b01c15c9c,"Immediate scan of IP 10.0.0.112",2025-03-21T20:46:47Z,9f754f84-b88a-4547-b747-58d17caa973e,"","","","","
Details:
Check open ports
(OID: 1.3.6.1.4.1.25623.1.0.10919)
Version used: 2023-08-03T05:05:16Z
","","","",""
10.0.0.112,,53,tcp,0.0,Log,80,"","Check open ports","This plugin checks if the port scanners did not kill a service.","This port was detected as being open by a port scanner but is now closed.
This service might have been crashed by a port scanner or by a plugin

",1.3.6.1.4.1.25623.1.0.10919,"",479edca0-2f0c-46a9-a1c7-8d9b01c15c9c,"Immediate scan of IP 10.0.0.112",2025-03-21T20:46:47Z,97a0b1df-1ffc-482e-8936-174c7159e928,"","","","","
Details:
Check open ports
(OID: 1.3.6.1.4.1.25623.1.0.10919)
Version used: 2023-08-03T05:05:16Z
","","","",""
10.0.0.112,,21,tcp,0.0,Log,80,"","Services","This plugin performs service detection.","An FTP server is running on this port.
Here is its banner : 
220 (vsFTPd 3.0.5)
",1.3.6.1.4.1.25623.1.0.10330,"",479edca0-2f0c-46a9-a1c7-8d9b01c15c9c,"Immediate scan of IP 10.0.0.112",2025-03-21T20:46:47Z,4fcbd5f1-baef-4a22-ac52-dc6601216f81,"","","","This plugin attempts to guess which service is running on the
  remote port(s). For instance, it searches for a web server which could listen on another port than
  80 or 443 and makes this information available for other check routines.","
Details:
Services
(OID: 1.3.6.1.4.1.25623.1.0.10330)
Version used: 2023-06-14T05:05:19Z
","","","",""
10.0.0.112,,,,0.0,Log,80,"","Hostname Determination Reporting","The script reports information on how the hostname of the target
  was determined.","Hostname determination for IP 10.0.0.112:

Hostname|Source
10.0.0.112|IP-address
",1.3.6.1.4.1.25623.1.0.108449,"",479edca0-2f0c-46a9-a1c7-8d9b01c15c9c,"Immediate scan of IP 10.0.0.112",2025-03-21T20:46:47Z,d6e49dff-5e39-470d-8e04-8037a47dd1ab,"","","","","
Details:
Hostname Determination Reporting
(OID: 1.3.6.1.4.1.25623.1.0.108449)
Version used: 2022-07-27T10:11:28Z
","","","",""
10.0.0.112,,80,tcp,0.0,Log,80,"","Services","This plugin performs service detection.","A web server is running on this port
",1.3.6.1.4.1.25623.1.0.10330,"",479edca0-2f0c-46a9-a1c7-8d9b01c15c9c,"Immediate scan of IP 10.0.0.112",2025-03-21T20:46:47Z,d582a0c0-be99-4e05-82e7-b69c22406ad7,"","","","This plugin attempts to guess which service is running on the
  remote port(s). For instance, it searches for a web server which could listen on another port than
  80 or 443 and makes this information available for other check routines.","
Details:
Services
(OID: 1.3.6.1.4.1.25623.1.0.10330)
Version used: 2023-06-14T05:05:19Z
","","","",""
10.0.0.112,,445,tcp,0.0,Log,80,"","SMB/CIFS Server Detection","This script detects whether port 445 and 139 are open and
  if they are running a CIFS/SMB server.","A CIFS server is running on this port
",1.3.6.1.4.1.25623.1.0.11011,"",479edca0-2f0c-46a9-a1c7-8d9b01c15c9c,"Immediate scan of IP 10.0.0.112",2025-03-21T20:46:47Z,798ddd67-b11f-4886-a094-04cef0fc7edb,"","","","","
Details:
SMB/CIFS Server Detection
(OID: 1.3.6.1.4.1.25623.1.0.11011)
Version used: 2023-08-01T13:29:10Z
","","","",""
10.0.0.112,,139,tcp,0.0,Log,80,"","SMB/CIFS Server Detection","This script detects whether port 445 and 139 are open and
  if they are running a CIFS/SMB server.","A SMB server is running on this port
",1.3.6.1.4.1.25623.1.0.11011,"",479edca0-2f0c-46a9-a1c7-8d9b01c15c9c,"Immediate scan of IP 10.0.0.112",2025-03-21T20:46:47Z,f60f5f53-6733-462e-afa4-1435b291a95c,"","","","","
Details:
SMB/CIFS Server Detection
(OID: 1.3.6.1.4.1.25623.1.0.11011)
Version used: 2023-08-01T13:29:10Z
","","","",""
10.0.0.112,,445,tcp,0.0,Log,97,"","SMB log in","This script attempts to logon into the remote host using
  login/password credentials.","It was possible to log into the remote host using the SMB protocol.
",1.3.6.1.4.1.25623.1.0.10394,"",479edca0-2f0c-46a9-a1c7-8d9b01c15c9c,"Immediate scan of IP 10.0.0.112",2025-03-21T20:46:47Z,532e9dee-c6d7-4c69-bfac-9152b030cadf,"","","","","
Details:
SMB log in
(OID: 1.3.6.1.4.1.25623.1.0.10394)
Version used: 2023-11-28T05:05:32Z
","","","",""
10.0.0.112,,21,tcp,0.0,Log,80,"","FTP Banner Detection","This script detects and reports a FTP Server Banner.","Remote FTP server banner:

220 (vsFTPd 3.0.5)

This is probably (a):

- vsFTPd
",1.3.6.1.4.1.25623.1.0.10092,"",479edca0-2f0c-46a9-a1c7-8d9b01c15c9c,"Immediate scan of IP 10.0.0.112",2025-03-21T20:46:47Z,3e76f3e1-441b-497c-b9f0-6437567ac5c0,"","","","","
Details:
FTP Banner Detection
(OID: 1.3.6.1.4.1.25623.1.0.10092)
Version used: 2024-06-07T15:38:39Z
","","","",""
10.0.0.112,,53,tcp,0.0,Log,80,"","DNS Server Detection (TCP)","TCP based detection of a DNS server.","The remote DNS server banner is:

9.18.30-0ubuntu0.22.04.2-Ubuntu
",1.3.6.1.4.1.25623.1.0.108018,"",479edca0-2f0c-46a9-a1c7-8d9b01c15c9c,"Immediate scan of IP 10.0.0.112",2025-03-21T20:46:47Z,128ddd64-e4b6-40c3-9b1c-c21ec7e2a349,"","","","","
Details:
DNS Server Detection (TCP)
(OID: 1.3.6.1.4.1.25623.1.0.108018)
Version used: 2021-11-30T08:05:58Z
","","","",""
10.0.0.112,,,,0.0,Log,80,"","ISC BIND Detection Consolidation","Consolidation of ISC BIND detections.","Detected ISC BIND

Version:       9.18.30
Location:      53/tcp
CPE:           cpe:/a:isc:bind:9.18.30

Concluded from version/product identification result:
9.18.30-0ubuntu0.22.04.2-Ubuntu
",1.3.6.1.4.1.25623.1.0.145294,"",479edca0-2f0c-46a9-a1c7-8d9b01c15c9c,"Immediate scan of IP 10.0.0.112",2025-03-21T20:46:47Z,b7b15f53-a08f-44d9-abf5-7b9fa4bc91f6,"","","","","
Details:
ISC BIND Detection Consolidation
(OID: 1.3.6.1.4.1.25623.1.0.145294)
Version used: 2022-03-28T10:48:38Z
","","","",""
10.0.0.112,,,,0.0,Log,80,"","Apache HTTP Server Detection Consolidation","Consolidation of Apache HTTP Server detections.","Detected Apache HTTP Server

Version:       2.4.52
Location:      80/tcp
CPE:           cpe:/a:apache:http_server:2.4.52

Concluded from version/product identification result:
Server: Apache/2.4.52 (Ubuntu)
",1.3.6.1.4.1.25623.1.0.117232,"",479edca0-2f0c-46a9-a1c7-8d9b01c15c9c,"Immediate scan of IP 10.0.0.112",2025-03-21T20:46:47Z,5f5696b2-6dd4-47dc-8526-0ba384c5a059,"","","","","
Details:
Apache HTTP Server Detection Consolidation
(OID: 1.3.6.1.4.1.25623.1.0.117232)
Version used: 2024-03-08T15:37:10Z
","","","",""
10.0.0.112,,21,tcp,0.0,Log,80,"","vsFTPd FTP Server Detection","The script is grabbing the
  banner of a FTP server and attempts to identify a vsFTPd FTP Server
  and its version from the reply.","Detected vsFTPd

Version:       3.0.5
Location:      21/tcp
CPE:           cpe:/a:beasts:vsftpd:3.0.5

Concluded from version/product identification result:
220 (vsFTPd 3.0.5)
",1.3.6.1.4.1.25623.1.0.111050,"",479edca0-2f0c-46a9-a1c7-8d9b01c15c9c,"Immediate scan of IP 10.0.0.112",2025-03-21T20:46:47Z,73be4139-ab16-4271-8fe3-fe591a313280,"","","","","
Details:
vsFTPd FTP Server Detection
(OID: 1.3.6.1.4.1.25623.1.0.111050)
Version used: 2023-07-26T05:05:09Z
","","","",""
10.0.0.112,,,,0.0,Log,80,"","OS Detection Consolidation and Reporting","This script consolidates the OS information detected by several
  VTs and tries to find the best matching OS.

  Furthermore it reports all previously collected information leading to this best matching OS. It
  also reports possible additional information which might help to improve the OS detection.

  If any of this information is wrong or could be improved please consider to report these to the
  referenced community forum.","Best matching OS:

OS:           Ubuntu
CPE:          cpe:/o:canonical:ubuntu_linux
Found by VT:  1.3.6.1.4.1.25623.1.0.108014 (Operating System (OS) Detection (DNS))
Concluded from DNS server banner on port 53/tcp: 9.18.30-0ubuntu0.22.04.2-Ubuntu
Setting key ""Host/runs_unixoide"" based on this information

Other OS detections (in order of reliability):

OS:           Linux/Unix
CPE:          cpe:/o:linux:kernel
Found by VT:  1.3.6.1.4.1.25623.1.0.105355 (Operating System (OS) Detection (FTP))
Concluded from FTP banner on port 21/tcp: 220 (vsFTPd 3.0.5)

OS:           Ubuntu 22.04
Version:      22.04
CPE:          cpe:/o:canonical:ubuntu_linux:22.04
Found by VT:  1.3.6.1.4.1.25623.1.0.111067 (Operating System (OS) Detection (HTTP))
Concluded from HTTP Server banner on port 80/tcp: Server: Apache/2.4.52 (Ubuntu)

OS:           Ubuntu
CPE:          cpe:/o:canonical:ubuntu_linux
Found by VT:  1.3.6.1.4.1.25623.1.0.111067 (Operating System (OS) Detection (HTTP))
Concluded from HTTP Server default page on port 80/tcp: <title>Apache2 Ubuntu Default Page


",1.3.6.1.4.1.25623.1.0.105937,"",479edca0-2f0c-46a9-a1c7-8d9b01c15c9c,"Immediate scan of IP 10.0.0.112",2025-03-21T20:46:47Z,473c9717-af84-4549-b236-a7ae84431d37,"","","","","
Details:
OS Detection Consolidation and Reporting
(OID: 1.3.6.1.4.1.25623.1.0.105937)
Version used: 2025-01-31T15:39:24Z
","","","",""
10.0.0.112,,445,tcp,0.0,Log,80,"","SMB Remote Version Detection","Detection of Server Message Block(SMB).

  This script sends SMB Negotiation request and try to get the version from the
  response.","SMBv2 and SMBv3 are enabled on remote target
",1.3.6.1.4.1.25623.1.0.807830,"",479edca0-2f0c-46a9-a1c7-8d9b01c15c9c,"Immediate scan of IP 10.0.0.112",2025-03-21T20:46:47Z,1205910c-7b1c-4e18-a40e-b930aa0e57f3,"","","","","
Details:
SMB Remote Version Detection
(OID: 1.3.6.1.4.1.25623.1.0.807830)
Version used: 2023-07-26T05:05:09Z
","","","",""
10.0.0.112,,,,0.0,Log,80,"","Traceroute","Collect information about the network route and
  network distance between the scanner host and the target host.","Network route from scanner (10.0.0.116) to target (10.0.0.112):

10.0.0.116
10.0.0.112

Network distance between scanner and target: 2
",1.3.6.1.4.1.25623.1.0.51662,"",479edca0-2f0c-46a9-a1c7-8d9b01c15c9c,"Immediate scan of IP 10.0.0.112",2025-03-21T20:46:47Z,e7d81196-441d-4fbd-87c3-67c668cbc225,"","","","For internal networks, the distances are usually
  small, often less than 4 hosts between scanner and target. For public targets the
  distance is greater and might be 10 hosts or more.","A combination of the protocols ICMP and TCP is used
  to determine the route. This method is applicable for IPv4 only and it is also known as
  'traceroute'.
Details:
Traceroute
(OID: 1.3.6.1.4.1.25623.1.0.51662)
Version used: 2022-10-17T11:13:19Z
","","","",""
10.0.0.112,,21,tcp,0.0,Log,80,"","SSL/TLS: FTP Missing Support For AUTH TLS","The remote FTP server does not support the 'AUTH TLS' command.","The remote FTP server does not support the 'AUTH TLS' command.
",1.3.6.1.4.1.25623.1.0.108553,"",479edca0-2f0c-46a9-a1c7-8d9b01c15c9c,"Immediate scan of IP 10.0.0.112",2025-03-21T20:46:47Z,e6efae8f-37c4-4c64-81eb-103a1d82226d,"","","","","
Details:
SSL/TLS: FTP Missing Support For AUTH TLS
(OID: 1.3.6.1.4.1.25623.1.0.108553)
Version used: 2021-03-19T08:13:38Z
","","","",""
10.0.0.112,,80,tcp,0.0,Log,80,"","HTTP Server type and version","This script detects and reports the HTTP Server's banner
  which might provide the type and version of it.","The remote HTTP Server banner is:

Server: Apache/2.4.52 (Ubuntu)
",1.3.6.1.4.1.25623.1.0.10107,"",479edca0-2f0c-46a9-a1c7-8d9b01c15c9c,"Immediate scan of IP 10.0.0.112",2025-03-21T20:46:47Z,22d3b0a2-105f-4802-9bd7-882f058b9320,"","","","","
Details:
HTTP Server type and version
(OID: 1.3.6.1.4.1.25623.1.0.10107)
Version used: 2023-08-01T13:29:10Z
","","","",""
